date,open,high,low,close
2023-01-03,23.090000,23.760000,22.730000,22.900000
2023-01-04,22.930000,23.270000,21.940000,22.010000
2023-01-05,22.200000,22.920000,21.970000,22.460000
2023-01-06,22.690000,22.900000,21.000000,21.130000
2023-01-09,21.750000,21.980000,21.270000,21.970000
2023-01-10,22.220000,22.460000,20.580000,20.580000
2023-01-11,20.800000,21.250000,20.620000,21.090000
2023-01-12,21.560000,21.800000,18.830000,18.830000
2023-01-13,19.000000,19.410000,18.010000,18.350000
2023-01-16,19.440000,19.630000,19.410000,19.490000
2023-01-17,19.890000,20.220000,19.210000,19.360000
2023-01-18,19.280000,20.580000,18.710000,20.340000
2023-01-19,20.430000,21.710000,20.170000,20.520000
2023-01-20,20.280000,20.700000,19.410000,19.850000
2023-01-23,20.210000,20.330000,19.550000,19.810000
2023-01-24,19.890000,20.470000,18.910000,19.200000
2023-01-25,19.560000,20.900000,18.990000,19.080000
2023-01-26,19.050000,19.480000,18.670000,18.730000
2023-01-27,18.900000,19.000000,17.970000,18.510000
2023-01-30,19.760000,20.250000,19.540000,19.940000
2023-01-31,20.120000,20.700000,19.130000,19.400000
2023-02-01,19.620000,20.040000,17.700000,17.870000
2023-02-02,17.740000,19.250000,17.060000,18.730000
2023-02-03,18.570000,19.300000,17.930000,18.330000
2023-02-06,19.230000,19.810000,19.210000,19.430000
2023-02-07,19.540000,19.990000,18.430000,18.660000
2023-02-08,18.880000,20.120000,18.550000,19.630000
2023-02-09,19.240000,21.080000,19.020000,20.710000
2023-02-10,20.740000,21.940000,20.440000,20.530000
2023-02-13,21.660000,21.690000,20.330000,20.340000
2023-02-14,20.720000,20.750000,18.480000,18.910000
2023-02-15,19.370000,19.410000,18.110000,18.230000
2023-02-16,18.260000,20.270000,18.230000,20.170000
2023-02-17,20.940000,21.300000,19.820000,20.020000
2023-02-20,21.060000,21.280000,20.960000,21.230000
2023-02-21,21.800000,23.340000,21.800000,22.870000
2023-02-22,23.030000,23.630000,22.020000,22.290000
2023-02-23,21.960000,22.430000,20.890000,21.140000
2023-02-24,21.350000,22.900000,21.320000,21.670000
2023-02-27,21.990000,22.020000,20.680000,20.950000
2023-02-28,21.300000,21.370000,20.100000,20.700000
2023-03-01,20.390000,21.320000,20.220000,20.580000
2023-03-02,21.410000,21.420000,19.550000,19.590000
2023-03-03,19.760000,19.760000,18.160000,18.490000
2023-03-06,19.050000,19.190000,18.490000,18.610000
2023-03-07,18.640000,19.740000,18.510000,19.590000
2023-03-08,19.710000,20.010000,19.000000,19.110000
2023-03-09,19.330000,23.140000,18.880000,22.610000
2023-03-10,23.340000,28.970000,21.790000,24.800000
2023-03-13,24.050000,30.810000,23.850000,26.520000
2023-03-14,26.850000,27.240000,22.270000,23.730000
2023-03-15,23.210000,29.910000,23.190000,26.140000
2023-03-16,26.190000,27.490000,22.970000,22.990000
2023-03-17,22.920000,26.140000,22.580000,25.510000
2023-03-20,27.770000,28.910000,24.000000,24.150000
2023-03-21,24.160000,24.160000,21.290000,21.380000
2023-03-22,21.800000,22.380000,19.940000,22.260000
2023-03-23,21.540000,24.910000,20.160000,22.610000
2023-03-24,22.110000,25.210000,21.600000,21.740000
2023-03-27,22.050000,22.930000,20.570000,20.600000
2023-03-28,20.530000,21.400000,19.910000,19.970000
2023-03-29,19.390000,19.450000,19.090000,19.120000
2023-03-30,19.120000,20.080000,18.850000,19.020000
2023-03-31,19.210000,19.430000,18.520000,18.700000
2023-04-03,19.790000,19.830000,18.540000,18.550000
2023-04-04,18.790000,20.030000,18.580000,19.000000
2023-04-05,19.420000,20.080000,19.000000,19.080000
2023-04-06,19.300000,19.880000,18.350000,18.400000
2023-04-10,19.390000,20.050000,18.930000,18.970000
2023-04-11,19.080000,19.280000,18.560000,19.100000
2023-04-12,19.380000,19.980000,18.250000,19.090000
2023-04-13,18.830000,19.060000,17.770000,17.800000
2023-04-14,17.940000,18.120000,17.070000,17.070000
2023-04-17,17.580000,17.790000,16.900000,16.950000
2023-04-18,16.940000,17.340000,16.580000,16.830000
2023-04-19,17.300000,17.720000,16.170000,16.460000
2023-04-20,16.850000,17.690000,16.330000,17.170000
2023-04-21,17.510000,17.710000,16.580000,16.770000
2023-04-24,18.220000,18.240000,16.740000,16.890000
2023-04-25,17.620000,19.860000,17.330000,18.760000
2023-04-26,18.660000,19.610000,17.870000,18.840000
2023-04-27,18.430000,18.430000,16.720000,17.030000
2023-04-28,17.210000,17.650000,15.720000,15.780000
2023-05-01,16.410000,16.620000,15.530000,16.080000
2023-05-02,16.270000,19.810000,16.260000,17.780000
2023-05-03,17.820000,18.830000,17.190000,18.340000
2023-05-04,19.170000,21.330000,18.670000,20.090000
2023-05-05,19.500000,19.630000,16.690000,17.190000
2023-05-08,17.730000,17.880000,16.830000,16.980000
2023-05-09,17.290000,17.860000,17.220000,17.710000
2023-05-10,17.580000,18.310000,16.360000,16.940000
2023-05-11,16.800000,18.190000,16.630000,16.930000
2023-05-12,16.830000,17.920000,16.380000,17.030000
2023-05-15,17.440000,18.160000,17.080000,17.120000
2023-05-16,17.540000,18.300000,17.260000,17.990000
2023-05-17,17.960000,18.260000,16.680000,16.870000
2023-05-18,16.920000,17.150000,16.050000,16.050000
2023-05-19,16.130000,17.360000,15.850000,16.810000
2023-05-22,17.450000,18.130000,16.820000,17.210000
2023-05-23,17.350000,19.310000,17.300000,18.530000
2023-05-24,18.800000,20.810000,18.800000,20.030000
2023-05-25,19.540000,19.950000,18.700000,19.140000
2023-05-26,19.070000,19.560000,17.270000,17.950000
2023-05-29,17.530000,17.600000,17.340000,17.460000
2023-05-30,17.560000,18.340000,16.980000,17.460000
2023-05-31,18.040000,18.400000,17.120000,17.940000
2023-06-01,17.240000,17.590000,15.580000,15.650000
2023-06-02,15.650000,15.650000,14.420000,14.600000
2023-06-05,15.280000,15.290000,14.660000,14.730000
2023-06-06,14.910000,14.970000,13.950000,13.960000
2023-06-07,14.140000,14.290000,13.770000,13.940000
2023-06-08,14.140000,14.210000,13.530000,13.650000
2023-06-09,13.780000,14.140000,13.500000,13.830000
2023-06-12,14.440000,15.020000,14.320000,15.010000
2023-06-13,14.990000,15.060000,14.470000,14.610000
2023-06-14,14.480000,14.730000,13.830000,13.880000
2023-06-15,14.090000,14.520000,13.790000,14.500000
2023-06-16,14.490000,14.540000,13.480000,13.540000
2023-06-19,14.090000,14.190000,14.010000,14.190000
2023-06-20,14.360000,14.670000,13.860000,13.880000
2023-06-21,13.880000,13.890000,13.100000,13.200000
2023-06-22,13.880000,13.980000,12.730000,12.910000
2023-06-23,13.240000,13.800000,12.880000,13.440000
2023-06-26,14.430000,14.710000,13.780000,14.250000
2023-06-27,14.110000,14.340000,13.590000,13.740000
2023-06-28,13.900000,13.960000,13.360000,13.430000
2023-06-29,13.640000,13.850000,13.410000,13.540000
2023-06-30,13.510000,13.590000,12.960000,13.590000
2023-07-03,13.850000,13.850000,13.470000,13.570000
2023-07-04,13.540000,13.710000,13.520000,13.700000
2023-07-05,14.190000,14.740000,14.050000,14.180000
2023-07-06,14.850000,17.080000,14.790000,15.440000
2023-07-07,15.970000,16.060000,14.330000,14.830000
2023-07-10,16.080000,16.210000,15.040000,15.070000
2023-07-11,15.020000,15.250000,14.630000,14.840000
2023-07-12,14.820000,14.820000,13.510000,13.540000
2023-07-13,13.440000,13.610000,13.120000,13.610000
2023-07-14,13.720000,13.760000,13.220000,13.340000
2023-07-17,13.780000,14.000000,13.430000,13.480000
2023-07-18,13.610000,13.670000,13.290000,13.300000
2023-07-19,13.320000,13.840000,13.120000,13.760000
2023-07-20,13.960000,14.230000,13.580000,13.990000
2023-07-21,13.870000,13.890000,13.370000,13.600000
2023-07-24,14.290000,14.300000,13.730000,13.910000
2023-07-25,14.020000,14.090000,13.820000,13.860000
2023-07-26,13.860000,14.160000,13.150000,13.190000
2023-07-27,13.140000,15.020000,12.740000,14.410000
2023-07-28,14.030000,14.180000,13.270000,13.330000
2023-07-31,13.980000,14.090000,13.570000,13.630000
2023-08-01,13.750000,14.300000,13.750000,13.930000
2023-08-02,15.700000,16.480000,14.950000,16.090000
2023-08-03,16.770000,17.420000,15.720000,15.920000
2023-08-04,16.010000,17.390000,14.570000,17.100000
2023-08-07,16.900000,17.360000,15.770000,15.770000
2023-08-08,16.280000,18.140000,15.960000,15.990000
2023-08-09,15.810000,16.870000,15.380000,15.960000
2023-08-10,15.580000,16.860000,14.600000,15.850000
2023-08-11,15.530000,16.510000,14.840000,14.840000
2023-08-14,15.880000,16.060000,14.770000,14.820000
2023-08-15,14.950000,16.570000,14.910000,16.460000
2023-08-16,16.540000,16.930000,15.800000,16.780000
2023-08-17,16.960000,18.130000,16.400000,17.890000
2023-08-18,17.800000,18.880000,17.140000,17.300000
2023-08-21,18.030000,18.110000,16.880000,17.130000
2023-08-22,16.960000,17.580000,16.610000,16.970000
2023-08-23,16.640000,17.100000,15.910000,15.980000
2023-08-24,15.570000,17.320000,15.480000,17.200000
2023-08-25,17.210000,17.360000,15.450000,15.680000
2023-08-28,16.240000,16.280000,15.000000,15.080000
2023-08-29,15.080000,15.300000,14.340000,14.450000
2023-08-30,14.530000,14.700000,13.830000,13.880000
2023-08-31,13.980000,14.000000,13.440000,13.570000
2023-09-01,13.560000,13.560000,13.020000,13.090000
2023-09-04,13.620000,13.820000,13.510000,13.820000
2023-09-05,14.150000,14.470000,13.700000,14.010000
2023-09-06,14.270000,15.300000,14.130000,14.450000
2023-09-07,14.810000,15.690000,14.400000,14.400000
2023-09-08,14.220000,14.870000,13.580000,13.840000
2023-09-11,14.170000,14.330000,13.740000,13.800000
2023-09-12,14.020000,14.420000,13.710000,14.230000
2023-09-13,14.420000,14.680000,13.410000,13.480000
2023-09-14,13.390000,13.460000,12.790000,12.820000
2023-09-15,12.700000,14.170000,12.680000,13.790000
2023-09-18,14.400000,14.750000,13.860000,14.000000
2023-09-19,14.110000,14.880000,13.860000,14.110000
2023-09-20,14.180000,15.150000,13.570000,15.140000
2023-09-21,15.490000,17.540000,15.100000,17.540000
2023-09-22,17.310000,17.410000,15.930000,17.200000
2023-09-25,17.250000,18.410000,16.790000,16.900000
2023-09-26,18.030000,19.500000,17.170000,18.940000
2023-09-27,18.290000,19.710000,18.030000,18.220000
2023-09-28,18.220000,18.770000,17.060000,17.340000
2023-09-29,16.870000,17.740000,15.830000,17.520000
2023-10-02,17.310000,18.550000,16.930000,17.610000
2023-10-03,17.810000,20.480000,17.520000,19.780000
2023-10-04,20.720000,20.880000,18.300000,18.580000
2023-10-05,18.670000,19.580000,18.260000,18.490000
2023-10-06,18.730000,19.930000,17.190000,17.450000
2023-10-09,19.540000,19.600000,17.560000,17.700000
2023-10-10,17.700000,17.860000,16.510000,17.030000
2023-10-11,16.950000,17.780000,16.090000,16.090000
2023-10-12,16.080000,18.080000,15.440000,16.690000
2023-10-13,16.530000,20.780000,16.500000,19.320000
2023-10-16,19.100000,19.570000,17.140000,17.210000
2023-10-17,17.410000,18.540000,16.970000,17.880000
2023-10-18,18.360000,20.150000,17.880000,19.220000
2023-10-19,19.730000,21.400000,18.550000,21.400000
2023-10-20,21.590000,21.830000,20.420000,21.710000
2023-10-23,21.830000,23.080000,19.480000,20.370000
2023-10-24,20.030000,20.240000,18.650000,18.970000
2023-10-25,19.390000,21.240000,18.860000,20.190000
2023-10-26,21.780000,21.960000,20.220000,20.680000
2023-10-27,20.390000,22.070000,19.720000,21.270000
2023-10-30,21.130000,21.160000,19.550000,19.750000
2023-10-31,19.860000,19.860000,17.970000,18.140000
2023-11-01,18.020000,18.420000,16.630000,16.870000
2023-11-02,16.590000,16.620000,15.580000,15.660000
2023-11-03,15.700000,15.830000,14.910000,14.910000
2023-11-06,15.390000,15.580000,14.840000,14.890000
2023-11-07,15.100000,15.170000,14.710000,14.810000
2023-11-08,14.910000,15.090000,14.300000,14.450000
2023-11-09,14.610000,15.570000,14.130000,15.290000
2023-11-10,15.090000,15.450000,14.160000,14.170000
2023-11-13,15.160000,15.190000,14.580000,14.760000
2023-11-14,14.830000,14.860000,13.910000,14.160000
2023-11-15,14.210000,14.350000,13.970000,14.180000
2023-11-16,14.120000,14.420000,13.680000,14.320000
2023-11-17,14.180000,14.190000,13.670000,13.800000
2023-11-20,14.260000,14.310000,13.390000,13.410000
2023-11-21,13.450000,14.310000,13.130000,13.350000
2023-11-22,13.080000,13.250000,12.820000,12.850000
2023-11-23,12.840000,12.870000,12.750000,12.800000
2023-11-24,13.030000,13.170000,12.450000,12.460000
2023-11-27,13.140000,13.280000,12.640000,12.690000
2023-11-28,12.780000,14.300000,12.560000,12.690000
2023-11-29,12.710000,13.100000,12.480000,12.980000
2023-11-30,13.070000,13.390000,12.820000,12.920000
2023-12-01,12.940000,12.960000,12.480000,12.630000
2023-12-04,13.280000,13.700000,12.980000,13.080000
2023-12-05,13.260000,13.760000,12.810000,12.850000
2023-12-06,12.780000,13.030000,12.640000,12.970000
2023-12-07,13.170000,13.280000,12.950000,13.060000
2023-12-08,13.140000,13.240000,12.350000,12.350000
2023-12-11,13.050000,13.140000,12.610000,12.630000
2023-12-12,12.690000,12.740000,11.810000,12.070000
2023-12-13,12.200000,12.460000,11.820000,12.190000
2023-12-14,11.960000,12.740000,11.840000,12.480000
2023-12-15,12.120000,12.540000,12.010000,12.280000
2023-12-18,12.620000,12.640000,12.400000,12.560000
2023-12-19,12.600000,12.600000,12.330000,12.530000
2023-12-20,12.630000,13.930000,12.290000,13.670000
2023-12-21,13.400000,14.490000,13.340000,13.650000
2023-12-22,13.720000,13.960000,13.000000,13.030000
2023-12-26,13.770000,13.800000,12.960000,12.990000
2023-12-27,13.020000,13.040000,12.370000,12.430000
2023-12-28,12.440000,12.650000,12.380000,12.470000
2023-12-29,12.550000,13.190000,12.360000,12.450000
2024-01-02,13.220000,14.230000,13.100000,13.200000
2024-01-03,13.350000,14.220000,13.330000,14.040000
2024-01-04,13.930000,14.200000,13.640000,14.130000
2024-01-05,14.240000,14.580000,13.290000,13.350000
2024-01-08,14.000000,14.180000,13.020000,13.080000
2024-01-09,13.200000,13.450000,12.740000,12.760000
2024-01-10,12.860000,12.950000,12.670000,12.690000
2024-01-11,12.640000,13.310000,12.350000,12.440000
2024-01-12,12.660000,13.080000,12.470000,12.700000
2024-01-15,13.230000,13.340000,13.200000,13.250000
2024-01-16,14.120000,14.350000,13.520000,13.840000
2024-01-17,14.590000,15.400000,14.380000,14.790000
2024-01-18,14.850000,14.890000,13.890000,14.130000
2024-01-19,13.800000,14.580000,13.280000,13.300000
2024-01-22,13.770000,13.840000,13.170000,13.190000
2024-01-23,13.200000,13.290000,12.530000,12.550000
2024-01-24,12.660000,13.180000,12.410000,13.140000
2024-01-25,13.180000,13.580000,13.060000,13.450000
2024-01-26,13.730000,14.100000,13.200000,13.260000
2024-01-29,13.980000,15.350000,13.590000,13.600000
2024-01-30,13.690000,13.740000,13.230000,13.310000
2024-01-31,13.420000,14.610000,13.180000,14.350000
2024-02-01,14.210000,14.630000,13.870000,13.880000
2024-02-02,13.950000,14.230000,13.390000,13.850000
2024-02-05,14.370000,14.530000,13.580000,13.670000
2024-02-06,13.570000,13.780000,12.980000,13.060000
2024-02-07,13.060000,13.130000,12.810000,12.830000
2024-02-08,12.950000,13.170000,12.740000,12.790000
2024-02-09,12.790000,13.010000,12.690000,12.930000
2024-02-12,13.480000,13.940000,13.340000,13.930000
2024-02-13,13.960000,17.940000,13.430000,15.850000
2024-02-14,15.380000,15.470000,14.220000,14.380000
2024-02-15,14.270000,14.640000,13.940000,14.010000
2024-02-16,13.940000,14.710000,13.750000,14.240000
2024-02-19,14.720000,14.780000,14.650000,14.710000
2024-02-20,15.090000,15.910000,15.070000,15.420000
2024-02-21,15.540000,16.120000,15.220000,15.340000
2024-02-22,14.280000,14.640000,14.120000,14.540000
2024-02-23,14.310000,14.310000,13.640000,13.750000
2024-02-26,14.170000,14.200000,13.660000,13.740000
2024-02-27,13.630000,13.750000,13.410000,13.430000
2024-02-28,13.520000,13.900000,13.440000,13.840000
2024-02-29,14.140000,14.150000,13.300000,13.400000
2024-03-01,13.340000,13.660000,13.080000,13.110000
2024-03-04,13.490000,13.580000,13.320000,13.490000
2024-03-05,13.750000,15.100000,13.750000,14.460000
2024-03-06,14.270000,14.930000,13.890000,14.500000
2024-03-07,14.980000,14.980000,14.250000,14.440000
2024-03-08,14.220000,15.530000,13.970000,14.740000
2024-03-11,15.510000,16.040000,15.130000,15.220000
2024-03-12,14.970000,15.200000,13.810000,13.840000
2024-03-13,13.890000,14.040000,13.670000,13.750000
2024-03-14,13.620000,15.330000,13.420000,14.400000
2024-03-15,14.330000,15.530000,14.140000,14.410000
2024-03-18,14.750000,14.850000,14.260000,14.330000
2024-03-19,14.500000,14.860000,13.800000,13.820000
2024-03-20,13.830000,14.170000,13.010000,13.040000
2024-03-21,12.980000,13.080000,12.400000,12.920000
2024-03-22,12.920000,13.150000,12.580000,13.060000
2024-03-25,13.670000,13.670000,13.110000,13.190000
2024-03-26,13.120000,13.430000,12.840000,13.240000
2024-03-27,13.130000,13.340000,12.660000,12.780000
2024-03-28,12.930000,13.100000,12.840000,13.010000
2024-04-01,13.610000,14.150000,13.550000,13.650000
2024-04-02,13.740000,15.430000,13.680000,14.610000
2024-04-03,15.000000,15.180000,14.250000,14.330000
2024-04-04,14.290000,16.920000,13.740000,16.350000
2024-04-05,16.450000,16.750000,15.530000,16.030000
2024-04-08,16.240000,16.500000,15.110000,15.190000
2024-04-09,15.340000,16.630000,14.940000,14.980000
2024-04-10,15.240000,16.620000,14.590000,15.800000
2024-04-11,16.020000,17.610000,14.910000,14.910000
2024-04-12,14.910000,19.200000,14.910000,17.310000
2024-04-15,16.940000,19.460000,16.260000,19.230000
2024-04-16,19.490000,19.560000,17.640000,18.400000
2024-04-17,18.240000,19.110000,17.540000,18.210000
2024-04-18,17.910000,18.370000,17.210000,18.000000
2024-04-19,21.330000,21.360000,18.170000,18.710000
2024-04-22,18.590000,18.720000,16.690000,16.940000
2024-04-23,16.720000,16.760000,15.690000,15.690000
2024-04-24,15.760000,16.380000,15.580000,15.970000
2024-04-25,16.250000,17.550000,15.270000,15.370000
2024-04-26,15.490000,16.060000,14.920000,15.030000
2024-04-29,15.370000,15.420000,14.630000,14.670000
2024-04-30,14.820000,15.900000,14.670000,15.650000
2024-05-01,15.750000,16.220000,14.350000,15.390000
2024-05-02,15.140000,16.090000,14.600000,14.680000
2024-05-03,14.510000,14.580000,13.480000,13.490000
2024-05-06,13.980000,14.020000,13.440000,13.490000
2024-05-07,13.520000,13.640000,13.160000,13.230000
2024-05-08,13.240000,13.510000,12.940000,13.000000
2024-05-09,13.080000,13.290000,12.680000,12.690000
2024-05-10,12.770000,12.960000,12.500000,12.550000
2024-05-13,13.260000,13.660000,13.250000,13.600000
2024-05-14,13.710000,14.030000,13.270000,13.420000
2024-05-15,13.730000,13.940000,12.380000,12.450000
2024-05-16,12.520000,12.670000,12.330000,12.420000
2024-05-17,12.280000,12.480000,11.910000,11.990000
2024-05-20,12.270000,12.590000,12.070000,12.150000
2024-05-21,12.300000,12.560000,11.840000,11.860000
2024-05-22,12.050000,12.810000,11.780000,12.290000
2024-05-23,11.530000,13.370000,11.520000,12.770000
2024-05-24,12.860000,12.890000,11.890000,11.930000
2024-05-27,12.410000,12.490000,12.350000,12.360000
2024-05-28,12.510000,13.440000,12.360000,12.920000
2024-05-29,13.750000,14.320000,13.690000,14.280000
2024-05-30,14.820000,14.880000,13.670000,14.470000
2024-05-31,14.500000,14.870000,12.840000,12.920000
2024-06-03,13.080000,14.310000,13.000000,13.110000
2024-06-04,13.510000,14.080000,13.110000,13.160000
2024-06-05,13.140000,13.250000,12.600000,12.630000
2024-06-06,12.750000,12.980000,12.540000,12.580000
2024-06-07,12.690000,13.080000,12.110000,12.220000
2024-06-10,13.090000,13.280000,12.620000,12.740000
2024-06-11,12.850000,13.470000,12.780000,12.850000
2024-06-12,13.100000,13.150000,11.940000,12.040000
2024-06-13,12.050000,12.680000,11.880000,11.940000
2024-06-14,12.220000,13.450000,12.120000,12.660000
2024-06-17,13.070000,13.290000,12.500000,12.750000
2024-06-18,12.700000,12.740000,12.240000,12.300000
2024-06-19,12.320000,12.550000,12.320000,12.480000
2024-06-20,12.500000,13.550000,12.180000,13.280000
2024-06-21,13.220000,13.780000,12.990000,13.200000
2024-06-24,13.850000,13.880000,13.150000,13.330000
2024-06-25,13.480000,13.520000,12.840000,12.840000
2024-06-26,12.810000,13.240000,12.370000,12.550000
2024-06-27,12.690000,12.770000,12.210000,12.240000
2024-06-28,12.240000,12.760000,11.870000,12.440000
2024-07-01,12.980000,13.260000,12.100000,12.220000
2024-07-02,12.670000,12.880000,11.850000,12.030000
2024-07-03,12.130000,12.230000,11.950000,12.090000
2024-07-04,12.100000,12.350000,12.090000,12.260000
2024-07-05,12.370000,12.610000,11.840000,12.480000
2024-07-08,12.910000,12.910000,12.310000,12.370000
2024-07-09,12.480000,12.610000,12.350000,12.510000
2024-07-10,12.510000,12.920000,12.390000,12.850000
2024-07-11,12.880000,13.330000,12.230000,12.920000
2024-07-12,12.870000,12.890000,12.110000,12.460000
2024-07-15,12.780000,13.260000,12.750000,13.120000
2024-07-16,13.380000,13.470000,12.950000,13.190000
2024-07-17,13.600000,14.880000,13.540000,14.480000
2024-07-18,14.270000,16.430000,14.080000,15.930000
2024-07-19,16.440000,17.190000,10.620000,16.520000
2024-07-22,16.790000,16.890000,14.750000,14.910000
2024-07-23,15.210000,15.350000,13.900000,14.720000
2024-07-24,15.350000,18.460000,15.180000,18.040000
2024-07-25,18.410000,19.360000,16.420000,18.460000
2024-07-26,17.970000,18.050000,16.370000,16.390000
2024-07-29,16.590000,17.210000,16.230000,16.600000
2024-07-30,16.640000,18.320000,16.260000,17.690000
2024-07-31,16.660000,16.770000,15.710000,16.360000
2024-08-01,16.200000,19.480000,15.950000,18.590000
2024-08-02,20.520000,29.660000,20.010000,23.390000
2024-08-05,23.390000,65.730000,23.390000,38.570000
2024-08-06,33.710000,34.770000,24.020000,27.710000
2024-08-07,24.770000,29.760000,21.970000,27.850000
2024-08-08,28.340000,29.470000,23.360000,23.790000
2024-08-09,23.780000,24.520000,20.260000,20.370000
2024-08-12,20.790000,21.190000,18.890000,20.710000
2024-08-13,20.060000,20.790000,17.950000,18.120000
2024-08-14,18.410000,18.490000,16.120000,16.190000
2024-08-15,16.270000,16.680000,14.770000,15.230000
2024-08-16,15.290000,15.760000,14.650000,14.800000
2024-08-19,15.940000,16.070000,14.460000,14.650000
2024-08-20,14.890000,15.930000,14.780000,15.880000
2024-08-21,16.250000,17.170000,15.920000,16.270000
2024-08-22,16.270000,18.060000,15.760000,17.550000
2024-08-23,17.120000,17.210000,15.610000,15.860000
2024-08-26,16.270000,16.670000,15.810000,16.150000
2024-08-27,16.210000,16.810000,15.370000,15.430000
2024-08-28,15.510000,17.890000,15.460000,17.110000
2024-08-29,16.540000,16.570000,15.190000,15.650000
2024-08-30,15.670000,16.040000,14.780000,15.000000
2024-09-02,15.870000,15.990000,15.480000,15.550000
2024-09-03,15.760000,21.990000,15.710000,20.720000
2024-09-04,23.200000,23.310000,19.340000,21.320000
2024-09-05,20.750000,21.530000,19.210000,19.900000
2024-09-06,21.980000,23.760000,18.830000,22.380000
2024-09-09,21.320000,21.410000,19.290000,19.450000
2024-09-10,19.860000,20.740000,18.900000,19.080000
2024-09-11,19.410000,21.410000,17.550000,17.690000
2024-09-12,17.620000,18.590000,16.890000,17.070000
2024-09-13,17.030000,17.180000,16.230000,16.560000
2024-09-16,17.160000,17.690000,16.910000,17.140000
2024-09-17,17.160000,18.080000,16.670000,17.610000
2024-09-18,17.580000,19.390000,17.110000,18.230000
2024-09-19,17.210000,17.270000,16.210000,16.330000
2024-09-20,16.350000,16.680000,15.810000,16.150000
2024-09-23,16.710000,16.950000,15.750000,15.890000
2024-09-24,15.870000,16.670000,15.270000,15.390000
2024-09-25,15.820000,15.820000,15.170000,15.410000
2024-09-26,15.060000,15.830000,14.900000,15.370000
2024-09-27,15.640000,16.970000,15.200000,16.960000
2024-09-30,17.010000,17.790000,16.470000,16.730000
2024-10-01,16.960000,20.730000,16.610000,19.260000
2024-10-02,19.650000,20.360000,18.580000,18.900000
2024-10-03,19.630000,20.750000,19.160000,20.490000
2024-10-04,20.480000,20.480000,18.480000,19.210000
2024-10-07,20.760000,23.030000,20.650000,22.640000
2024-10-08,22.920000,23.140000,21.140000,21.420000
2024-10-09,21.980000,22.010000,20.710000,20.860000
2024-10-10,20.910000,21.390000,20.640000,20.930000
2024-10-11,20.870000,21.160000,20.140000,20.460000
2024-10-14,20.860000,20.860000,19.690000,19.700000
2024-10-15,19.610000,20.890000,19.440000,20.640000
2024-10-16,20.770000,21.010000,19.450000,19.580000
2024-10-17,19.550000,19.650000,18.880000,19.110000
2024-10-18,19.300000,19.320000,17.990000,18.030000
2024-10-21,18.780000,19.340000,18.360000,18.370000
2024-10-22,18.790000,19.440000,18.050000,18.200000
2024-10-23,18.210000,20.470000,18.180000,19.240000
2024-10-24,18.870000,20.240000,18.630000,19.080000
2024-10-25,19.220000,20.510000,18.230000,20.330000
2024-10-28,19.110000,19.880000,18.910000,19.800000
2024-10-29,19.750000,20.530000,19.060000,19.340000
2024-10-30,19.330000,20.440000,19.300000,20.350000
2024-10-31,21.440000,23.420000,21.120000,23.160000
2024-11-01,22.960000,23.090000,21.160000,21.880000
2024-11-04,22.500000,23.070000,21.730000,21.980000
2024-11-05,21.980000,22.060000,20.200000,20.490000
2024-11-06,16.060000,16.820000,15.440000,16.270000
2024-11-07,15.860000,15.860000,15.130000,15.200000
2024-11-08,15.130000,15.330000,14.660000,14.940000
2024-11-11,15.330000,15.560000,14.890000,14.970000
2024-11-12,15.090000,15.370000,14.690000,14.710000
2024-11-13,15.090000,15.260000,13.770000,14.020000
2024-11-14,14.170000,14.320000,13.590000,14.310000
2024-11-15,15.020000,17.550000,14.560000,16.140000
2024-11-18,16.600000,17.000000,15.350000,15.580000
2024-11-19,15.440000,17.930000,15.370000,16.350000
2024-11-20,16.190000,18.790000,16.040000,17.160000
2024-11-21,17.100000,17.990000,15.730000,16.870000
2024-11-22,16.670000,17.560000,15.240000,15.240000
2024-11-25,15.230000,15.720000,14.540000,14.600000
2024-11-26,14.950000,15.030000,13.880000,14.100000
2024-11-27,14.280000,15.130000,13.960000,14.100000
2024-11-28,14.070000,14.070000,13.870000,13.900000
2024-11-29,14.000000,14.150000,13.490000,13.510000
2024-12-02,14.080000,14.100000,13.300000,13.340000
2024-12-03,13.380000,13.770000,13.190000,13.300000
2024-12-04,13.160000,13.610000,12.890000,13.450000
2024-12-05,13.460000,13.700000,13.260000,13.540000
2024-12-06,13.620000,13.740000,12.700000,12.770000
2024-12-09,13.360000,14.230000,13.350000,14.190000
2024-12-10,14.300000,14.540000,13.860000,14.180000
2024-12-11,14.420000,14.430000,13.520000,13.580000
2024-12-12,13.730000,13.950000,13.390000,13.920000
2024-12-13,13.570000,14.250000,13.240000,13.810000
2024-12-16,14.370000,14.690000,13.990000,14.690000
2024-12-17,14.980000,15.940000,14.780000,15.870000
2024-12-18,15.570000,28.320000,14.820000,27.620000
2024-12-19,21.610000,24.120000,20.160000,24.090000
2024-12-20,24.140000,26.510000,17.820000,18.360000
2024-12-23,18.090000,20.020000,16.740000,16.780000
2024-12-24,16.970000,17.040000,14.270000,14.270000
2024-12-26,14.990000,15.930000,14.550000,14.730000
2024-12-27,15.380000,18.450000,15.290000,15.950000
2024-12-30,17.210000,19.220000,16.440000,17.400000
2024-12-31,17.390000,17.810000,16.680000,17.350000
2025-01-02,17.210000,19.500000,16.960000,17.930000
2025-01-03,17.660000,17.940000,16.110000,16.130000
2025-01-06,16.770000,16.870000,15.710000,16.040000
2025-01-07,16.480000,18.900000,15.790000,17.820000
2025-01-08,17.910000,19.500000,17.370000,17.700000
2025-01-09,18.510000,18.520000,17.950000,18.070000
2025-01-10,18.290000,20.310000,18.050000,19.540000
2025-01-13,21.180000,22.040000,19.150000,19.190000
2025-01-14,18.790000,19.660000,18.240000,18.710000
2025-01-15,19.080000,19.140000,15.960000,16.120000
2025-01-16,15.870000,16.600000,15.640000,16.600000
2025-01-17,16.190000,16.230000,15.530000,15.970000
2025-01-20,16.460000,16.590000,15.800000,15.810000
2025-01-21,16.290000,16.290000,14.930000,15.060000
2025-01-22,14.890000,15.290000,14.590000,15.100000
2025-01-23,15.280000,15.390000,14.590000,15.020000
2025-01-24,15.020000,15.160000,14.580000,14.850000
2025-01-27,18.830000,22.510000,17.570000,17.900000
2025-01-28,18.290000,18.390000,16.250000,16.410000
2025-01-29,16.420000,18.080000,16.170000,16.560000
2025-01-30,15.930000,16.420000,15.320000,15.840000
2025-01-31,15.450000,17.090000,14.900000,16.430000
2025-02-03,20.360000,20.420000,17.660000,18.620000
2025-02-04,18.780000,19.110000,16.780000,17.210000
2025-02-05,17.540000,17.750000,15.770000,15.770000
2025-02-06,15.880000,16.150000,14.990000,15.500000
2025-02-07,15.380000,16.660000,14.790000,16.540000
2025-02-10,16.580000,16.610000,15.700000,15.810000
2025-02-11,16.130000,16.420000,15.750000,16.020000
2025-02-12,15.910000,17.180000,15.640000,15.890000
2025-02-13,15.970000,16.330000,14.980000,15.100000
2025-02-14,15.080000,15.420000,14.740000,14.770000
2025-02-17,15.380000,15.570000,15.340000,15.370000
2025-02-18,15.570000,16.030000,15.350000,15.350000
2025-02-19,15.140000,15.960000,15.050000,15.270000
2025-02-20,15.610000,16.630000,15.120000,15.660000
2025-02-21,15.630000,19.030000,15.280000,18.210000
2025-02-24,18.080000,20.240000,17.310000,18.980000
2025-02-25,19.090000,21.480000,18.850000,19.430000
2025-02-26,18.960000,20.060000,17.830000,19.100000
2025-02-27,18.250000,21.470000,17.670000,21.130000
2025-02-28,21.210000,22.400000,19.050000,19.630000
2025-03-03,19.830000,24.310000,19.250000,22.780000
2025-03-04,22.960000,26.350000,21.710000,23.510000
2025-03-05,23.030000,24.840000,21.370000,21.930000
2025-03-06,22.600000,25.920000,22.390000,24.870000
2025-03-07,24.850000,26.560000,23.090000,23.370000
2025-03-10,24.700000,29.560000,24.680000,27.860000
2025-03-11,27.940000,29.570000,26.180000,26.920000
2025-03-12,26.880000,26.910000,23.890000,24.230000
2025-03-13,24.920000,26.130000,23.460000,24.660000
2025-03-14,24.350000,24.360000,21.480000,21.770000
2025-03-17,22.890000,22.950000,20.320000,20.510000
2025-03-18,20.830000,22.570000,20.410000,21.700000
2025-03-19,21.840000,22.100000,19.420000,19.900000
2025-03-20,19.520000,21.170000,19.300000,19.800000
2025-03-21,20.020000,21.140000,19.150000,19.280000
2025-03-24,19.130000,19.140000,17.460000,17.480000
2025-03-25,17.580000,17.770000,17.020000,17.150000
2025-03-26,17.230000,19.070000,16.970000,18.330000
2025-03-27,18.360000,19.280000,17.950000,18.690000
2025-03-28,19.080000,22.180000,18.920000,21.650000
2025-03-31,24.110000,24.800000,21.670000,22.280000
2025-04-01,22.060000,23.520000,21.580000,21.770000
2025-04-02,22.300000,23.660000,20.680000,21.510000
2025-04-03,26.380000,30.020000,24.930000,30.020000
2025-04-04,30.120000,45.610000,29.990000,45.310000
2025-04-07,60.130000,60.130000,38.580000,46.980000
2025-04-08,44.040000,57.520000,36.480000,52.330000
2025-04-09,50.980000,57.960000,31.900000,33.620000
2025-04-10,34.440000,54.870000,34.440000,40.720000
2025-04-11,40.800000,46.120000,36.850000,37.560000
2025-04-14,34.760000,35.170000,29.750000,30.890000
2025-04-15,30.010000,31.450000,28.290000,30.120000
2025-04-16,33.240000,34.960000,29.480000,32.640000
2025-04-17,30.790000,32.550000,29.570000,29.650000
2025-04-21,32.750000,35.750000,31.790000,33.820000
2025-04-22,32.610000,32.680000,30.080000,30.570000
2025-04-23,28.750000,30.290000,27.110000,28.450000
2025-04-24,28.690000,29.660000,26.360000,26.470000
2025-04-25,26.220000,27.200000,24.840000,24.840000
2025-04-28,25.750000,26.930000,24.700000,25.150000
2025-04-29,24.760000,25.990000,23.760000,24.170000
2025-04-30,24.350000,28.170000,24.230000,24.700000
2025-05-01,23.940000,25.180000,23.300000,24.600000
2025-05-02,23.630000,24.320000,22.340000,22.680000
2025-05-05,24.250000,24.630000,22.810000,23.640000
2025-05-06,23.970000,25.110000,23.900000,24.760000
2025-05-07,24.560000,25.620000,23.290000,23.550000
2025-05-08,22.840000,23.610000,21.880000,22.480000
2025-05-09,22.400000,22.820000,21.830000,21.900000
2025-05-12,19.840000,20.440000,18.140000,18.390000
2025-05-13,18.690000,18.850000,17.650000,18.220000
2025-05-14,18.100000,18.820000,18.060000,18.620000
2025-05-15,19.190000,19.380000,17.770000,17.830000
2025-05-16,17.960000,17.960000,17.150000,17.240000
2025-05-19,19.840000,19.920000,17.920000,18.140000
2025-05-20,18.460000,18.680000,17.700000,18.090000
2025-05-21,18.770000,21.050000,17.770000,20.870000
2025-05-22,20.620000,22.070000,19.640000,20.280000
2025-05-23,20.140000,25.530000,19.830000,22.290000
2025-05-26,20.750000,20.830000,20.300000,20.570000
2025-05-27,20.630000,21.010000,18.950000,18.960000
2025-05-28,19.210000,19.430000,18.680000,19.310000
2025-05-29,18.250000,20.200000,18.110000,19.180000
2025-05-30,19.610000,20.550000,18.570000,18.570000
2025-06-02,19.810000,20.450000,18.360000,18.360000
2025-06-03,18.830000,19.210000,17.640000,17.690000
2025-06-04,17.680000,18.070000,17.410000,17.610000
2025-06-05,17.680000,18.800000,17.080000,18.480000
2025-06-06,18.160000,18.350000,16.650000,16.770000
2025-06-09,17.690000,17.720000,16.820000,17.160000
2025-06-10,17.500000,17.990000,16.680000,16.950000
2025-06-11,17.040000,18.090000,16.230000,17.260000
2025-06-12,17.870000,18.870000,17.430000,18.020000
2025-06-13,21.760000,22.000000,18.880000,20.820000
2025-06-16,19.780000,20.220000,18.670000,19.110000
2025-06-17,20.530000,21.790000,19.550000,21.600000
2025-06-18,20.900000,21.580000,19.590000,20.140000
2025-06-19,21.510000,22.750000,21.180000,22.170000
2025-06-20,20.740000,21.070000,19.110000,20.620000
2025-06-23,21.150000,22.510000,19.820000,19.830000
2025-06-24,18.190000,18.720000,17.330000,17.480000
2025-06-25,17.280000,17.510000,16.680000,16.760000
2025-06-26,16.670000,16.780000,16.110000,16.590000
2025-06-27,16.310000,17.290000,16.120000,16.320000
2025-06-30,17.190000,17.430000,16.550000,16.730000
2025-07-01,16.980000,17.480000,16.510000,16.830000
2025-07-02,16.750000,17.370000,16.540000,16.640000
2025-07-03,16.650000,16.830000,16.140000,16.380000
2025-07-04,16.930000,17.670000,16.920000,17.480000
2025-07-07,17.830000,18.500000,17.510000,17.790000
2025-07-08,17.410000,17.440000,16.540000,16.810000
2025-07-09,16.760000,16.760000,15.760000,15.940000
2025-07-10,16.230000,16.240000,15.700000,15.780000
2025-07-11,16.410000,17.240000,15.980000,16.400000
2025-07-14,17.730000,17.850000,16.910000,17.200000
2025-07-15,16.890000,17.390000,16.560000,17.380000
2025-07-16,17.660000,19.480000,16.690000,17.160000
2025-07-17,17.160000,17.370000,16.480000,16.520000
2025-07-18,16.430000,16.810000,16.280000,16.410000
2025-07-21,16.870000,16.990000,16.300000,16.650000
2025-07-22,16.750000,17.480000,16.430000,16.500000
2025-07-23,16.230000,16.320000,15.320000,15.370000
2025-07-24,15.390000,15.540000,14.950000,15.390000
2025-07-25,15.330000,15.390000,14.920000,14.930000
2025-07-28,15.150000,15.540000,15.000000,15.030000
2025-07-29,14.950000,16.120000,14.700000,15.980000
2025-07-30,15.870000,17.270000,15.440000,15.480000
2025-07-31,14.990000,17.170000,14.740000,16.720000
2025-08-01,17.400000,21.900000,17.390000,20.380000
2025-08-04,19.560000,19.580000,17.480000,17.520000
2025-08-05,17.210000,18.940000,17.110000,17.850000
2025-08-06,17.220000,17.880000,16.560000,16.770000
2025-08-07,16.410000,17.640000,15.980000,16.570000
2025-08-08,16.480000,16.520000,15.150000,15.150000
2025-08-11,15.810000,16.360000,15.520000,16.250000
2025-08-12,16.090000,16.560000,14.660000,14.730000
2025-08-13,14.620000,14.810000,14.300000,14.490000
2025-08-14,14.660000,15.390000,14.570000,14.830000
2025-08-15,14.430000,15.180000,14.400000,15.090000
2025-08-18,15.730000,15.950000,14.950000,14.990000
2025-08-19,15.230000,15.910000,14.760000,15.570000
2025-08-20,15.950000,17.190000,15.570000,15.690000
2025-08-21,15.720000,17.240000,15.650000,16.600000
2025-08-22,16.810000,16.830000,14.210000,14.220000
2025-08-25,15.050000,15.190000,14.240000,14.790000
2025-08-26,15.750000,15.750000,14.620000,14.620000
2025-08-27,14.660000,15.230000,14.660000,14.850000
2025-08-28,14.420000,14.690000,14.120000,14.430000
2025-08-29,14.310000,15.970000,14.310000,15.360000
2025-09-01,16.170000,16.790000,15.080000,16.120000
2025-09-02,16.650000,19.380000,16.550000,17.170000
2025-09-03,17.400000,17.570000,16.340000,16.350000
2025-09-04,16.220000,16.350000,15.280000,15.300000
2025-09-05,15.230000,16.920000,14.740000,15.180000
2025-09-08,15.580000,15.650000,14.990000,15.110000
2025-09-09,15.020000,15.820000,14.970000,15.040000
2025-09-10,14.980000,15.630000,14.630000,15.350000
2025-09-11,15.190000,15.240000,14.650000,14.710000
2025-09-12,14.620000,14.970000,14.410000,14.760000
2025-09-15,15.140000,15.840000,14.920000,15.690000
2025-09-16,15.600000,16.380000,15.440000,16.360000
2025-09-17,16.420000,16.750000,15.260000,15.720000
2025-09-18,14.930000,15.800000,14.330000,15.700000
2025-09-19,15.760000,16.130000,15.290000,15.450000
2025-09-22,16.140000,16.350000,15.780000,16.100000
2025-09-23,16.100000,17.070000,15.950000,16.640000
2025-09-24,16.570000,17.210000,16.180000,16.180000
2025-09-25,16.550000,17.740000,16.320000,16.740000
2025-09-26,16.890000,17.050000,15.290000,15.290000
2025-09-29,15.840000,16.290000,15.740000,16.120000
2025-09-30,16.490000,16.700000,16.020000,16.280000
2025-10-01,17.280000,17.280000,15.980000,16.290000
2025-10-02,16.120000,16.920000,15.930000,16.630000
2025-10-03,16.350000,17.060000,16.200000,16.650000
2025-10-06,16.740000,17.090000,16.290000,16.370000
2025-10-07,16.580000,17.550000,16.190000,17.240000
2025-10-08,17.170000,17.200000,16.230000,16.300000
2025-10-09,16.310000,17.270000,16.260000,16.430000
2025-10-10,16.360000,22.440000,16.230000,21.660000
2025-10-13,19.450000,20.770000,18.610000,19.030000
2025-10-14,21.460000,22.940000,19.180000,20.810000
2025-10-15,20.020000,22.440000,19.110000,20.640000
2025-10-16,20.490000,25.430000,19.850000,25.310000
2025-10-17,28.410000,28.990000,20.730000,20.780000
2025-10-20,20.530000,21.020000,18.230000,18.230000
2025-10-21,18.650000,18.890000,17.400000,17.870000
2025-10-22,17.840000,21.010000,17.730000,18.600000
2025-10-23,18.360000,19.350000,17.080000,17.300000
2025-10-24,17.020000,17.220000,16.020000,16.370000
2025-10-27,15.730000,16.070000,15.620000,15.790000
2025-10-28,15.950000,16.550000,15.660000,16.420000
2025-10-29,16.340000,17.580000,16.260000,16.920000
2025-10-30,16.260000,17.410000,15.730000,16.910000
2025-10-31,16.430000,18.540000,15.960000,17.440000
2025-11-03,18.060000,18.830000,17.000000,17.170000
2025-11-04,19.730000,20.480000,17.900000,19.000000
2025-11-05,19.370000,20.020000,17.310000,18.010000
2025-11-06,18.360000,20.310000,17.640000,19.500000
2025-11-07,19.520000,22.720000,19.080000,19.080000
2025-11-10,18.580000,18.820000,17.600000,17.600000
2025-11-11,17.900000,18.010000,17.250000,17.280000
2025-11-12,17.210000,18.060000,17.100000,17.510000
2025-11-13,17.610000,21.310000,17.510000,20.000000
2025-11-14,21.330000,23.030000,19.560000,19.830000
2025-11-17,19.580000,23.440000,19.540000,22.380000
2025-11-18,23.540000,25.840000,22.910000,24.690000
2025-11-19,24.520000,24.790000,21.930000,23.660000
2025-11-20,20.780000,28.270000,19.280000,26.420000
2025-11-21,25.970000,27.840000,22.540000,23.430000
2025-11-24,22.690000,23.680000,20.410000,20.520000
2025-11-25,20.550000,21.770000,18.390000,18.560000
2025-11-26,18.250000,18.700000,16.930000,17.190000
2025-11-27,17.220000,17.360000,17.050000,17.210000
2025-11-28,17.410000,18.520000,15.780000,16.350000
2025-12-01,18.050000,18.330000,16.580000,17.240000
2025-12-02,17.280000,17.310000,16.390000,16.590000
2025-12-03,16.430000,17.280000,15.930000,16.080000
2025-12-04,16.230000,16.630000,15.680000,15.780000
2025-12-05,15.580000,16.180000,15.280000,15.410000
2025-12-08,16.150000,17.090000,16.100000,16.660000
2025-12-09,16.660000,17.200000,16.450000,16.930000
2025-12-10,16.940000,17.660000,15.560000,15.770000
2025-12-11,16.840000,16.880000,14.850000,14.850000
2025-12-12,14.990000,17.850000,14.850000,15.740000
2025-12-15,16.510000,17.350000,15.990000,16.500000
2025-12-16,17.280000,17.610000,16.190000,16.480000
2025-12-17,16.450000,18.000000,15.820000,17.620000
2025-12-18,17.610000,17.680000,15.930000,16.870000
2025-12-19,16.310000,16.530000,14.910000,14.910000
2025-12-22,15.160000,15.260000,14.030000,14.080000
2025-12-23,14.090000,14.450000,13.640000,14.000000
2025-12-24,14.090000,14.160000,13.380000,13.470000
2025-12-26,14.120000,14.290000,13.520000,13.600000
2025-12-29,14.690000,15.080000,13.990000,14.200000
2025-12-30,14.430000,14.620000,14.040000,14.330000
2025-12-31,14.770000,15.170000,14.380000,14.950000
2026-01-02,14.850000,15.420000,14.460000,14.510000
2026-01-05,15.140000,15.270000,14.650000,14.900000
2026-01-06,15.000000,15.210000,14.630000,14.750000
2026-01-07,14.950000,15.480000,14.830000,15.380000
2026-01-08,15.690000,15.850000,15.150000,15.450000
2026-01-09,15.680000,15.810000,14.430000,14.490000
2026-01-12,16.060000,16.660000,15.030000,15.120000
2026-01-13,15.360000,16.500000,14.750000,15.980000
2026-01-14,16.330000,18.100000,16.220000,16.750000
2026-01-15,16.520000,16.540000,15.300000,15.840000
2026-01-16,15.440000,16.290000,15.300000,15.860000
2026-01-19,18.630000,19.590000,18.280000,18.840000
2026-01-20,19.940000,20.990000,18.640000,20.090000
2026-01-21,19.310000,20.810000,16.670000,16.900000
2026-01-22,16.650000,16.670000,15.270000,15.640000
2026-01-23,15.680000,16.210000,15.300000,16.090000
2026-01-26,16.900000,17.390000,15.800000,16.150000
2026-01-27,16.020000,16.370000,15.740000,16.350000
2026-01-28,16.090000,17.180000,16.050000,16.350000
2026-01-29,16.040000,19.740000,16.020000,16.880000
2026-01-30,18.720000,19.270000,16.670000,17.440000
2026-02-02,19.950000,19.960000,16.080000,16.340000
2026-02-03,16.160000,20.370000,16.050000,18.000000
2026-02-04,17.630000,21.240000,17.470000,18.640000
2026-02-05,19.240000,23.100000,19.060000,21.770000
2026-02-06,21.240000,21.490000,17.270000,17.760000
2026-02-09,17.950000,19.200000,16.900000,17.360000
2026-02-10,17.470000,17.970000,17.140000,17.790000
2026-02-11,17.870000,18.960000,16.750000,17.650000
2026-02-12,17.440000,21.210000,17.080000,20.820000
2026-02-13,21.480000,22.400000,18.920000,20.600000
2026-02-16,20.730000,21.620000,20.370000,21.200000
2026-02-17,21.740000,22.960000,19.760000,20.290000
2026-02-18,19.780000,20.340000,18.480000,19.620000
2026-02-19,19.340000,21.110000,19.230000,20.230000
2026-02-20,20.040000,21.210000,18.760000,19.090000
2026-02-23,20.490000,22.040000,19.500000,21.010000
2026-02-24,21.240000,22.080000,19.230000,19.550000
2026-02-25,19.590000,19.620000,17.860000,17.930000
2026-02-26,18.070000,20.540000,17.500000,18.630000
2026-02-27,19.280000,21.740000,18.770000,19.860000
2026-03-02,24.660000,25.240000,20.370000,21.440000
2026-03-03,24.570000,28.150000,22.180000,23.570000
2026-03-04,24.390000,24.870000,20.400000,21.150000
2026-03-05,22.110000,25.840000,20.550000,23.750000
2026-03-06,23.200000,29.930000,22.920000,29.490000
2026-03-09,35.120000,35.300000,24.760000,25.500000
2026-03-10,24.390000,26.010000,22.190000,24.930000
2026-03-11,24.900000,26.230000,23.750000,24.230000
2026-03-12,25.480000,27.330000,24.600000,27.290000
2026-03-13,27.850000,28.470000,24.670000,27.190000
2026-03-16,25.880000,26.420000,23.230000,23.510000
2026-03-17,24.560000,24.580000,21.870000,22.370000
2026-03-18,21.510000,25.130000,21.470000,25.090000
2026-03-19,25.600000,27.520000,23.540000,24.060000
2026-03-20,24.460000,29.280000,23.680000,26.780000
2026-03-23,30.040000,31.040000,20.280000,26.150000
2026-03-24,25.910000,27.940000,25.640000,26.950000
2026-03-25,25.790000,26.670000,24.820000,25.330000
2026-03-26,26.490000,28.490000,26.120000,27.440000
2026-03-27,27.540000,31.650000,27.540000,31.050000
2026-03-30,30.790000,31.520000,29.330000,30.610000
2026-03-31,29.530000,29.640000,25.080000,25.250000
2026-04-01,24.300000,25.350000,23.500000,24.540000
2026-04-02,26.780000,27.890000,23.870000,23.870000
2026-04-06,24.930000,25.300000,23.780000,24.170000
2026-04-07,25.090000,28.000000,24.340000,25.780000
2026-04-08,20.970000,22.170000,19.910000,21.040000
2026-04-09,21.250000,21.630000,19.450000,19.490000
2026-04-10,19.710000,20.280000,18.830000,19.230000
2026-04-13,21.170000,21.580000,18.960000,19.120000
2026-04-14,18.730000,18.760000,17.890000,18.360000
2026-04-15,18.180000,18.500000,17.400000,18.170000
2026-04-16,18.040000,19.090000,17.760000,17.940000
2026-04-17,18.180000,18.240000,16.870000,17.480000
2026-04-20,19.580000,19.990000,18.770000,18.870000
2026-04-21,19.180000,20.850000,18.750000,19.500000
2026-04-22,19.030000,19.540000,18.680000,18.920000
2026-04-23,19.420000,21.560000,18.700000,19.310000
2026-04-24,18.890000,19.350000,18.460000,18.710000
2026-04-27,19.210000,19.270000,18.020000,18.020000
2026-04-28,18.300000,19.430000,17.780000,17.830000
2026-04-29,17.830000,19.000000,17.810000,18.810000
2026-04-30,18.680000,18.730000,16.870000,16.890000
2026-05-01,17.010000,17.390000,16.440000,16.990000
2026-05-04,17.380000,19.080000,17.150000,18.290000
2026-05-05,17.950000,18.020000,17.200000,17.380000
2026-05-06,17.150000,17.460000,16.180000,17.390000
2026-05-07,17.530000,17.600000,16.850000,17.080000
2026-05-08,17.370000,17.530000,16.820000,17.190000
2026-05-11,18.210000,18.470000,17.900000,18.380000
2026-05-12,18.770000,19.100000,17.920000,17.990000
2026-05-13,17.980000,18.400000,17.760000,17.870000
2026-05-14,17.860000,18.080000,17.200000,17.260000
2026-05-15,18.070000,19.270000,17.800000,18.430000
2026-05-18,19.250000,19.440000,17.700000,17.820000
2026-05-19,18.010000,18.360000,17.660000,18.060000
2026-05-20,18.170000,18.180000,17.130000,17.440000
2026-05-21,17.580000,17.870000,16.600000,16.760000
2026-05-22,16.830000,17.390000,16.460000,16.700000
2026-05-25,16.810000,16.870000,16.530000,16.590000
2026-05-26,16.920000,17.230000,16.560000,17.010000
2026-05-27,17.010000,17.180000,16.290000,16.290000
2026-05-28,16.760000,16.850000,15.610000,15.740000
2026-05-29,15.810000,15.880000,15.220000,15.320000
2026-06-01,15.880000,16.340000,15.710000,16.050000
2026-06-02,16.280000,16.290000,15.710000,15.770000
2026-06-03,15.970000,16.630000,15.940000,16.060000
2026-06-04,16.330000,16.800000,15.180000,15.400000
2026-06-05,15.870000,21.570000,15.560000,21.510000
2026-06-08,20.290000,20.350000,17.940000,18.920000
2026-06-09,18.190000,23.340000,17.520000,19.870000
2026-06-10,20.100000,22.660000,20.060000,22.220000
2026-06-11,21.250000,22.590000,19.360000,19.440000
2026-06-12,19.510000,19.850000,17.590000,17.680000
